date,fit_bench,fit_squat,fit_deadlift,fatigue_impulse
2024-07-22,2381.4,0.0,0.0,3926.264834045285
2024-07-23,0.0,2232.0,1835.1000000000001,6067.40022777681
2024-07-24,1322.4,0.0,0.0,1972.788980160816
2024-07-25,0.0,0.0,0.0,0.0
2024-07-26,1653.6000000000001,0.0,0.0,2915.0900096722653
2024-07-27,0.0,2182.8,1587.6000000000001,5624.775839986646
2024-07-28,0.0,0.0,0.0,0.0
2024-07-29,0.0,0.0,0.0,0.0
2024-07-30,0.0,0.0,0.0,0.0
2024-07-31,0.0,0.0,0.0,0.0
2024-08-01,0.0,0.0,0.0,0.0
2024-08-02,1719.6000000000001,0.0,0.0,2934.532561114467
2024-08-03,1041.3000000000002,2248.8,1620.6000000000001,6714.385585840088
2024-08-04,0.0,0.0,0.0,0.0
2024-08-05,2381.4,0.0,0.0,3214.5537643614944
2024-08-06,0.0,2232.0,1835.1000000000001,6834.522042154134
2024-08-07,1455.6,0.0,0.0,1964.8544803076302
2024-08-08,0.0,0.0,0.0,0.0
2024-08-09,1719.6000000000001,0.0,0.0,2835.141097095941
2024-08-10,0.0,2314.8,1719.6000000000001,6288.416907195953
2024-08-11,0.0,0.0,0.0,0.0
2024-08-12,2778.3,0.0,0.0,4290.03847376655
2024-08-13,0.0,2479.5,1935.0,3525.799878755635
2024-08-14,1521.6,0.0,0.0,2772.5359666741983
2024-08-15,0.0,0.0,0.0,0.0
2024-08-16,2149.5,0.0,0.0,3792.405031416241
2024-08-17,0.0,2314.8,1686.6000000000001,5876.4778893296
2024-08-18,0.0,0.0,0.0,0.0
2024-08-19,2480.4,0.0,0.0,3959.766153239535
2024-08-20,0.0,2050.8,1323.0,5562.455823088092
2024-08-21,1058.4,0.0,0.0,1586.8485774237288
2024-08-22,0.0,0.0,0.0,0.0
2024-08-23,1785.6000000000001,0.0,0.0,2943.956700962149
2024-08-24,0.0,1631.2,1433.0,4564.507267831261
2024-08-25,0.0,0.0,0.0,0.0
2024-08-26,2579.4,0.0,0.0,3982.912298611899
2024-08-27,0.0,2563.5,1984.5,7364.316217465389
2024-08-28,1587.6000000000001,0.0,0.0,2368.420889975281
2024-08-29,0.0,0.0,0.0,0.0
2024-08-30,1785.6000000000001,0.0,0.0,3264.429621799575
2024-08-31,0.0,1835.1000000000001,1146.4,4447.875336017448
2024-09-01,0.0,0.0,0.0,0.0
2024-09-02,2678.4,0.0,0.0,5771.804299145792
2024-09-03,0.0,2728.5,2083.5,7606.752744640887
2024-09-04,1653.6000000000001,0.0,0.0,2473.0536643691553
2024-09-05,0.0,0.0,0.0,0.0
2024-09-06,1851.6000000000001,0.0,0.0,3492.111618252823
2024-09-07,0.0,1935.0,1168.4,4130.631774386006
2024-09-08,0.0,0.0,0.0,0.0
2024-09-09,3009.3,0.0,0.0,5309.367043982738
2024-09-10,0.0,3076.2000000000003,2778.0,11209.189052397536
2024-09-11,2292.8,0.0,0.0,4078.3625215168327
2024-09-12,0.0,0.0,0.0,0.0
2024-09-13,2976.0,0.0,0.0,5992.928057432138
2024-09-14,0.0,2580.0,1752.6000000000001,4118.769825575713
2024-09-15,0.0,0.0,0.0,0.0
2024-09-16,3152.6000000000004,0.0,0.0,5396.541606046278
2024-09-17,0.0,3076.2000000000003,2800.0,9546.381428842886
2024-09-18,2204.8,0.0,0.0,3289.175093359473
2024-09-19,0.0,0.0,0.0,0.0
2024-09-20,3135.8,0.0,0.0,5804.183997044206
2024-09-21,0.0,2806.0,2055.7000000000003,8365.891810469548
2024-09-22,0.0,0.0,0.0,0.0
2024-09-23,2579.4,0.0,0.0,4183.575914180388
2024-09-24,0.0,2563.5,1422.0,6516.369128505087
2024-09-25,1240.2,0.0,0.0,1850.1609900147037
2024-09-26,0.0,0.0,0.0,0.0
2024-09-27,1945.4,0.0,0.0,3438.964086764182
2024-09-28,0.0,1516.0,1471.5,4806.840950878888
2024-09-29,0.0,0.0,0.0,0.0
2024-09-30,3422.4,0.0,0.0,6015.093925751709
2024-10-01,0.0,3141.0,2182.5,7816.515014271328
2024-10-02,1289.7,0.0,0.0,2133.4495840778472
2024-10-03,0.0,0.0,0.0,0.0
2024-10-04,2634.1000000000004,0.0,0.0,4146.803159476107
2024-10-05,0.0,2216.0,2028.2000000000003,6278.681182688737
2024-10-06,0.0,0.0,0.0,0.0
2024-10-07,3571.2000000000003,0.0,0.0,5747.83614149735
2024-10-08,0.0,3390.0,2182.5,8070.556093407972
2024-10-09,1785.6000000000001,0.0,0.0,3098.766015469721
2024-10-10,0.0,0.0,0.0,0.0
2024-10-11,2887.4,0.0,0.0,5568.276109135085
2024-10-12,0.0,2271.0,2369.8,7912.860835747863
2024-10-13,0.0,0.0,0.0,0.0
2024-10-14,3995.0,0.0,0.0,7652.585611910516
2024-10-15,0.0,3555.0,2232.0,9601.908987840474
2024-10-16,1785.6000000000001,0.0,0.0,2605.5096543265254
2024-10-17,0.0,0.0,0.0,0.0
2024-10-18,3052.7000000000003,0.0,0.0,5896.27475925734
2024-10-19,0.0,2326.0,2678.4,9324.87798147938
2024-10-20,0.0,0.0,0.0,0.0
2024-10-21,4132.5,0.0,0.0,8752.8777313145
2024-10-22,0.0,0.0,0.0,0.0
2024-10-23,2314.5,0.0,0.0,3815.9653810354466
2024-10-24,0.0,0.0,0.0,0.0
2024-10-25,2325.4,0.0,0.0,4685.277616028845
2024-10-26,0.0,0.0,0.0,0.0
2024-10-27,0.0,0.0,0.0,0.0
2024-10-28,3086.0,0.0,0.0,4603.77101692096
2024-10-29,0.0,2034.0,948.0,4235.747195956527
2024-10-30,1146.4,0.0,0.0,1510.6626332425521
2024-10-31,0.0,0.0,0.0,0.0
2024-11-01,1487.7000000000003,0.0,0.0,2512.16941577961
2024-11-02,0.0,1223.5,1367.0,3144.486906335505
2024-11-03,0.0,0.0,0.0,0.0
2024-11-04,3857.5,0.0,0.0,5107.976508100117
2024-11-05,0.0,2083.5,992.0,4328.994370199123
2024-11-06,1719.6000000000001,0.0,0.0,2155.547438576095
2024-11-07,0.0,0.0,0.0,0.0
2024-11-08,2160.0,0.0,0.0,3257.422028089248
2024-11-09,0.0,1256.6,1422.0,3422.559051695159
2024-11-10,0.0,0.0,0.0,0.0
2024-11-11,3857.5,0.0,0.0,5207.080350224433
2024-11-12,0.0,2182.5,1014.0,4768.617646010321
2024-11-13,1719.6000000000001,0.0,0.0,2100.3241829322283
2024-11-14,0.0,0.0,0.0,0.0
2024-11-15,2425.6000000000004,0.0,0.0,4847.748755194862
2024-11-16,0.0,1289.6,1471.6000000000001,3449.713690320894
2024-11-17,0.0,0.0,0.0,0.0
2024-11-18,3995.0,0.0,0.0,4879.504018849879
2024-11-19,0.0,2182.5,1014.0,3949.909686905148
2024-11-20,2232.0,0.0,0.0,2466.741489144846
2024-11-21,0.0,0.0,0.0,0.0
2024-11-22,1797.0,0.0,0.0,4089.1044319037887
2024-11-23,0.0,1345.0,1559.6000000000001,5691.56472505387
2024-11-24,0.0,0.0,0.0,0.0
2024-11-25,4132.5,0.0,0.0,7099.9667677464795
2024-11-26,0.0,2182.5,1014.0,5023.51789641937
2024-11-27,2232.0,0.0,0.0,3539.8686157757384
2024-11-28,0.0,0.0,0.0,0.0
2024-11-29,1797.0,0.0,0.0,4031.9963615780584
2024-11-30,0.0,1372.5,1615.1,5892.209966379103
2024-12-01,0.0,0.0,0.0,0.0
2024-12-02,3086.0,0.0,0.0,3848.531985381737
2024-12-03,0.0,1708.5,810.3000000000001,2588.1768663878033
2024-12-04,0.0,0.0,0.0,0.0
2024-12-05,0.0,0.0,0.0,0.0
2024-12-06,0.0,0.0,0.0,0.0
2024-12-07,1443.7,0.0,0.0,1972.2581221252647
2024-12-08,0.0,0.0,0.0,0.0
2024-12-09,0.0,0.0,0.0,0.0
2024-12-10,0.0,0.0,0.0,0.0
2024-12-11,0.0,0.0,0.0,0.0
2024-12-12,0.0,0.0,0.0,0.0
2024-12-13,2536.0,0.0,0.0,3097.477394694191
2024-12-14,1091.6999999999998,2446.8,2133.0,6800.2954430851305
2024-12-15,0.0,0.0,0.0,0.0
2024-12-16,0.0,0.0,0.0,0.0
2024-12-17,0.0,0.0,0.0,0.0
2024-12-18,2149.5,0.0,0.0,2901.5215068846187
2024-12-19,0.0,0.0,0.0,0.0
2024-12-20,1851.6000000000001,2150.0,2336.8,9991.08139149164
2024-12-21,1455.6,1356.0,1256.8,5130.598544204654
2024-12-22,0.0,0.0,0.0,0.0
2024-12-23,0.0,0.0,0.0,0.0
2024-12-24,0.0,0.0,0.0,0.0
2024-12-25,2579.4,0.0,0.0,3982.912298611899
2024-12-26,0.0,0.0,0.0,0.0
2024-12-27,2468.8,2182.8,2424.8,9615.985891496208
2024-12-28,1521.6,1422.0,1278.8,5640.755695562832
2024-12-29,0.0,0.0,0.0,0.0
2024-12-30,0.0,0.0,0.0,0.0
2024-12-31,0.0,0.0,0.0,0.0
2025-01-01,2678.4,0.0,0.0,4275.857791016276
2025-01-02,0.0,0.0,0.0,0.0
2025-01-03,2644.8,2248.8,2513.6,13221.682207335896
2025-01-04,1653.6000000000001,1455.0,1322.8,7438.406338870602
2025-01-05,0.0,0.0,0.0,0.0
2025-01-06,0.0,0.0,0.0,0.0
2025-01-07,0.0,0.0,0.0,0.0
2025-01-08,3703.2000000000003,0.0,0.0,7188.989798054933
2025-01-09,0.0,0.0,0.0,0.0
2025-01-10,2644.8,2380.8,2513.6,13618.390050231474
2025-01-11,1719.6000000000001,2182.5,1984.1999999999998,10142.640649413132
2025-01-12,0.0,0.0,0.0,0.0
2025-01-13,0.0,0.0,0.0,0.0
2025-01-14,0.0,0.0,0.0,0.0
2025-01-15,3995.0,0.0,0.0,6461.281114572985
2025-01-16,0.0,0.0,0.0,0.0
2025-01-17,2815.7000000000003,2446.8,2513.6,13653.988588997283
2025-01-18,2232.0,2844.0,2976.2999999999997,12754.568217154834
2025-01-19,0.0,0.0,0.0,0.0
2025-01-20,0.0,0.0,0.0,0.0
2025-01-21,0.0,0.0,0.0,0.0
2025-01-22,4629.0,0.0,0.0,7952.993628045602
2025-01-23,0.0,0.0,0.0,0.0
2025-01-24,3482.4,2580.0,2424.8,14448.819915230264
2025-01-25,2468.8,3792.0,3968.3999999999996,17376.58597732803
2025-01-26,0.0,0.0,0.0,0.0
2025-01-27,0.0,0.0,0.0,0.0
2025-01-28,0.0,0.0,0.0,0.0
2025-01-29,4794.0,0.0,0.0,7030.006243951927
2025-01-30,0.0,0.0,0.0,0.0
2025-01-31,3818.7000000000003,0.0,0.0,6869.2241495789785
2025-02-01,3196.0,4569.0,4673.799999999999,19674.668199970223
2025-02-02,0.0,0.0,0.0,0.0
2025-02-03,0.0,0.0,0.0,0.0
2025-02-04,0.0,0.0,0.0,0.0
2025-02-05,3086.0,0.0,0.0,4384.717648550253
2025-02-06,0.0,0.0,0.0,0.0
2025-02-07,1879.9,1223.4,1256.8,7489.504088496025
2025-02-08,1785.6000000000001,2849.0,2821.6,16274.270942799638
2025-02-09,0.0,0.0,0.0,0.0
2025-02-10,0.0,0.0,0.0,0.0
2025-02-11,0.0,0.0,0.0,0.0
2025-02-12,4132.5,0.0,0.0,6481.050106538123
2025-02-13,0.0,0.0,0.0,0.0
2025-02-14,2733.2000000000003,1835.1000000000001,1885.1999999999998,9365.473927103056
2025-02-15,2380.8,3174.6,3009.3999999999996,13269.583306606097
2025-02-16,0.0,0.0,0.0,0.0
2025-02-17,0.0,0.0,0.0,0.0
2025-02-18,0.0,0.0,0.0,0.0
2025-02-19,4132.5,0.0,0.0,5695.626330446776
2025-02-20,0.0,0.0,0.0,0.0
2025-02-21,3548.8,2446.8,2827.7999999999997,12489.281102452267
2025-02-22,2976.0,3174.6,3009.3999999999996,13931.020809586771
2025-02-23,0.0,0.0,0.0,0.0
2025-02-24,0.0,0.0,0.0,0.0
2025-02-25,0.0,0.0,0.0,0.0
2025-02-26,4132.5,0.0,0.0,6294.640580635696
2025-02-27,0.0,0.0,0.0,0.0
2025-02-28,3835.2000000000003,2580.0,2877.2999999999997,14167.385175102729
2025-03-01,3086.0,3439.2,3461.2,15756.078070712903
2025-03-02,0.0,0.0,0.0,0.0
2025-03-03,0.0,0.0,0.0,0.0
2025-03-04,0.0,0.0,0.0,0.0
2025-03-05,4272.5,0.0,0.0,7044.161629066298
2025-03-06,0.0,0.0,0.0,0.0
2025-03-07,4011.6000000000004,2646.0,2926.7999999999997,15146.315462677243
2025-03-08,3086.0,3769.8,3869.0,19338.64396158794
2025-03-09,0.0,0.0,0.0,0.0
2025-03-10,0.0,0.0,0.0,0.0
2025-03-11,0.0,0.0,0.0,0.0
2025-03-12,2734.4,0.0,0.0,3691.0539234358234
2025-03-13,0.0,0.0,0.0,0.0
2025-03-14,1411.2,1290.0,1278.8,6948.259930064247
2025-03-15,2314.5,2116.8,2546.6,13666.539809892882
2025-03-16,0.0,0.0,0.0,0.0
2025-03-17,0.0,0.0,0.0,0.0
2025-03-18,0.0,0.0,0.0,0.0
2025-03-19,4272.5,0.0,0.0,6924.19357482914
2025-03-20,0.0,0.0,0.0,0.0
2025-03-21,2358.4,2580.0,2877.2999999999997,13410.284590863239
2025-03-22,3086.0,2854.7,2799.8,16125.01940845999
2025-03-23,0.0,0.0,0.0,0.0
2025-03-24,0.0,0.0,0.0,0.0
2025-03-25,0.0,0.0,0.0,0.0
2025-03-26,4410.0,0.0,0.0,7729.670667348312
2025-03-27,0.0,0.0,0.0,0.0
2025-03-28,2369.4,2712.0,2877.2999999999997,13411.376628763699
2025-03-29,3196.0,2876.7,2810.8,15560.442664518425
2025-03-30,0.0,0.0,0.0,0.0
2025-03-31,0.0,0.0,0.0,0.0
2025-04-01,0.0,0.0,0.0,0.0
2025-04-02,4410.0,0.0,0.0,7061.557213194468
2025-04-03,0.0,0.0,0.0,0.0
2025-04-04,1764.0,2712.0,2877.2999999999997,12091.105123322537
2025-04-05,2556.8,2193.8,2193.4,12938.135235207088
2025-04-06,0.0,0.0,0.0,0.0
2025-04-07,0.0,0.0,0.0,0.0
2025-04-08,0.0,0.0,0.0,0.0
2025-04-09,4410.0,0.0,0.0,6466.901863960783
2025-04-10,0.0,0.0,0.0,0.0
2025-04-11,1819.0,2712.0,2877.2999999999997,11233.246954582302
2025-04-12,2556.8,2237.8,2248.8,12384.693198423069
2025-04-13,0.0,0.0,0.0,0.0
2025-04-14,0.0,0.0,0.0,0.0
2025-04-15,0.0,0.0,0.0,0.0
2025-04-16,2822.4,0.0,0.0,4800.21087425887
2025-04-17,0.0,0.0,0.0,0.0
2025-04-18,915.0,1356.0,1918.1999999999998,6552.909786192881
2025-04-19,1438.2,1394.6000000000001,1129.9,7269.50570539783
2025-04-20,0.0,0.0,0.0,0.0
2025-04-21,2975.4,0.0,0.0,4905.605268841162
2025-04-22,0.0,2034.0,2468.8,7776.552713098772
2025-04-23,2556.8,0.0,0.0,4855.149329803049
2025-04-24,0.0,0.0,0.0,0.0
2025-04-25,2232.7,0.0,0.0,4167.704573861075
2025-04-26,0.0,2292.6,2325.8999999999996,7614.619188728541
2025-04-27,0.0,0.0,0.0,0.0
2025-04-28,3306.0,0.0,0.0,5450.672520934624
2025-04-29,0.0,2646.0,2921.0,9178.431313987614
2025-04-30,2468.8,0.0,0.0,3683.0168135367685
2025-05-01,0.0,0.0,0.0,0.0
2025-05-02,2916.3,0.0,0.0,5121.87280117306
2025-05-03,0.0,2292.6,2364.3999999999996,6730.911943908268
2025-05-04,0.0,0.0,0.0,0.0
2025-05-05,3967.2000000000003,0.0,0.0,6729.148343855612
2025-05-06,0.0,2646.0,3637.2000000000003,9373.43294021963
2025-05-07,2556.8,0.0,0.0,4437.121946882271
2025-05-08,0.0,0.0,0.0,0.0
2025-05-09,3669.8,0.0,0.0,5993.398345936518
2025-05-10,0.0,2657.0,2447.0,8334.818364057537
2025-05-11,0.0,0.0,0.0,0.0
2025-05-12,4272.5,0.0,0.0,7192.3298181867285
2025-05-13,0.0,3307.5,4849.6,12272.750324208042
2025-05-14,3086.0,0.0,0.0,5516.037662680208
2025-05-15,0.0,0.0,0.0,0.0
2025-05-16,4397.4,0.0,0.0,7879.223745689622
2025-05-17,0.0,3157.8,2502.2,11243.303121696226
2025-05-18,0.0,0.0,0.0,0.0
2025-05-19,2734.4,0.0,0.0,4079.24545323029
2025-05-20,0.0,1764.0,1818.6000000000001,4432.4466391770075
2025-05-21,2314.5,0.0,0.0,3452.8282626907207
2025-05-22,0.0,0.0,0.0,0.0
2025-05-23,1819.0,0.0,0.0,3514.4070193604675
2025-05-24,0.0,2756.0,2468.9,10965.293211643653
2025-05-25,0.0,0.0,0.0,0.0
2025-05-26,4272.5,0.0,0.0,7668.000354506823
2025-05-27,0.0,2712.0,3703.2000000000003,10269.162226845396
2025-05-28,2468.8,0.0,0.0,3779.8533784286956
2025-05-29,0.0,0.0,0.0,0.0
2025-05-30,2833.4,0.0,0.0,4671.486848401743
2025-05-31,0.0,2717.5,2480.0,8569.228804463917
2025-06-01,0.0,0.0,0.0,0.0
2025-06-02,4272.5,0.0,0.0,6252.511167611557
2025-06-03,0.0,2844.0,3770.3999999999996,10596.560896453708
2025-06-04,2556.8,0.0,0.0,4215.450544926088
2025-06-05,0.0,0.0,0.0,0.0
2025-06-06,3103.3,0.0,0.0,6700.121627913319
2025-06-07,0.0,3053.6000000000004,2843.8,10573.026004004038
2025-06-08,0.0,0.0,0.0,0.0
2025-06-09,4272.5,0.0,0.0,7488.666196427588
2025-06-10,0.0,2844.0,3770.3999999999996,0.0
2025-06-11,2556.8,0.0,0.0,0.0
2025-06-12,0.0,0.0,0.0,0.0
2025-06-13,2921.4,0.0,0.0,0.0
2025-06-14,0.0,2772.5,2557.6,10178.391031212708
2025-06-15,0.0,0.0,0.0,0.0
2025-06-16,4272.5,0.0,0.0,0.0
2025-06-17,0.0,2844.0,3770.3999999999996,10510.926746878184
2025-06-18,2556.8,0.0,0.0,0.0
2025-06-19,0.0,0.0,0.0,0.0
2025-06-20,2309.7000000000003,0.0,0.0,0.0
2025-06-21,0.0,2723.0,2491.0,9500.527425236112
2025-06-22,0.0,0.0,0.0,0.0
2025-06-23,4272.5,0.0,0.0,7785.00257466845
2025-06-24,0.0,2133.0,2827.7999999999997,8669.310014147653
2025-06-25,1917.6000000000001,0.0,0.0,3494.09501162884
2025-06-26,0.0,0.0,0.0,0.0
2025-06-27,1780.5,0.0,0.0,3281.2487047710274
2025-06-28,0.0,1912.7000000000003,2425.0,7483.315710954737
2025-06-29,0.0,0.0,0.0,0.0
2025-06-30,4272.5,0.0,0.0,0.0
2025-07-01,0.0,2844.0,3770.3999999999996,0.0
2025-07-02,2397.0,0.0,0.0,1747.04750581442
2025-07-03,0.0,0.0,0.0,0.0
2025-07-04,2309.7000000000003,0.0,0.0,4836.773598412985
2025-07-05,0.0,1912.7000000000003,2425.0,8031.605373085542
2025-07-06,0.0,0.0,0.0,0.0
2025-07-07,4272.5,0.0,0.0,7044.161629066298
2025-07-08,0.0,2844.0,3770.3999999999996,11398.44454735837
2025-07-09,2876.4,0.0,0.0,5241.14251744326
2025-07-10,0.0,0.0,0.0,0.0
2025-07-11,2838.9,0.0,0.0,0.0
2025-07-12,0.0,2452.9,3108.3999999999996,0.0
2025-07-13,0.0,0.0,0.0,0.0
2025-07-14,4272.5,0.0,0.0,0.0
2025-07-15,0.0,3616.0,4937.6,0.0
2025-07-16,3086.0,0.0,0.0,0.0
2025-07-17,0.0,0.0,0.0,0.0
2025-07-18,3610.9,0.0,0.0,6546.040392852814
2025-07-19,0.0,2452.9,3108.3999999999996,8013.041058482935
2025-07-20,0.0,0.0,0.0,0.0
2025-07-21,4272.5,0.0,0.0,6386.57928929035
2025-07-22,0.0,3616.0,4937.6,13327.8097419252
2025-07-23,3086.0,0.0,0.0,4603.77101692096
2025-07-24,0.0,0.0,0.0,0.0
2025-07-25,3726.4,0.0,0.0,6667.594200825661
2025-07-26,0.0,2507.9,3201.8999999999996,10526.211173497431
2025-07-27,0.0,0.0,0.0,0.0
2025-07-28,4410.0,0.0,0.0,7008.649092660743
2025-07-29,0.0,3704.0,5027.2,14679.825883196465
2025-07-30,3196.0,0.0,0.0,5787.62885357761
2025-07-31,0.0,0.0,0.0,0.0
2025-08-01,3731.9,0.0,0.0,7682.757683289494
2025-08-02,0.0,2557.4,3257.7,9483.713475470653
2025-08-03,0.0,0.0,0.0,0.0
2025-08-04,4410.0,0.0,0.0,7083.206093662273
2025-08-05,0.0,3704.0,5027.2,14395.31515873696
2025-08-06,3196.0,0.0,0.0,5823.491686048066
2025-08-07,0.0,0.0,0.0,0.0
2025-08-08,4034.8,0.0,0.0,9373.557058589951
2025-08-09,0.0,2899.0,3682.0,14147.269100116268
2025-08-10,0.0,0.0,0.0,0.0
2025-08-11,2822.4,0.0,0.0,4653.350914424042
2025-08-12,0.0,2034.0,2777.4,7932.657521846597
2025-08-13,1851.6000000000001,0.0,0.0,2834.8900338215217
2025-08-14,0.0,0.0,0.0,0.0
2025-08-15,1190.4,0.0,0.0,2956.2855333893835
2025-08-16,0.0,2121.7,2662.1,11763.123297607679
2025-08-17,0.0,0.0,0.0,0.0
2025-08-18,4410.0,0.0,0.0,6578.946916598002
2025-08-19,0.0,2712.0,5027.2,12759.783658202432
2025-08-20,3086.0,0.0,0.0,5087.953841380596
2025-08-21,0.0,0.0,0.0,0.0
2025-08-22,2320.7000000000003,0.0,0.0,4084.1413082955605
2025-08-23,0.0,2739.5,2541.1,11479.433421066575
2025-08-24,0.0,0.0,0.0,0.0
2025-08-25,4547.5,0.0,0.0,7497.559978508833
2025-08-26,0.0,2778.0,5115.2,12577.828053932744
2025-08-27,3086.0,0.0,0.0,4603.77101692096
2025-08-28,0.0,0.0,0.0,0.0
2025-08-29,2326.2000000000003,0.0,0.0,3623.9227903933643
2025-08-30,0.0,2745.1000000000004,2458.0,8070.564237832904
2025-08-31,0.0,0.0,0.0,0.0
2025-09-01,5292.0,0.0,0.0,0.0
2025-09-02,0.0,2778.0,5203.2,12035.230494598785
2025-09-03,3196.0,0.0,0.0,4677.127136731782
2025-09-04,0.0,0.0,0.0,0.0
2025-09-05,2937.9,0.0,0.0,4663.360424294961
2025-09-06,0.0,3555.4000000000005,3196.3999999999996,10180.603732371883
2025-09-07,0.0,0.0,0.0,0.0
2025-09-08,5457.0,0.0,0.0,11962.250785833225
2025-09-09,0.0,2844.0,5203.2,13718.700822820567
2025-09-10,3196.0,0.0,0.0,5712.655985069975
2025-09-11,0.0,0.0,0.0,0.0
2025-09-12,2943.5,0.0,0.0,5856.089285564183
2025-09-13,0.0,3566.4000000000005,3218.3999999999996,11567.410365828991
2025-09-14,0.0,0.0,0.0,0.0
2025-09-15,3528.0,0.0,0.0,5816.688643030052
2025-09-16,0.0,1422.0,2926.7999999999997,6487.6472451023565
2025-09-17,1438.2,0.0,0.0,2145.5422801476752
2025-09-18,0.0,0.0,0.0,0.0
2025-09-19,881.7,0.0,0.0,1462.6756234483973
2025-09-20,0.0,1350.2,1085.8,4262.184890098464
2025-09-21,0.0,0.0,0.0,0.0
2025-09-22,3967.2000000000003,0.0,0.0,6540.807025121549
2025-09-23,0.0,2034.0,3836.3999999999996,9678.653347518033
2025-09-24,2468.8,0.0,0.0,3683.0168135367685
2025-09-25,0.0,0.0,0.0,0.0
2025-09-26,2171.0,0.0,0.0,3579.3738786899785
2025-09-27,0.0,2617.6,2408.5,7599.242712780447
2025-09-28,0.0,0.0,0.0,0.0
2025-09-29,4272.5,0.0,0.0,7044.161629066298
2025-09-30,0.0,2712.0,3836.3999999999996,10370.982862917097
2025-10-01,2556.8,0.0,0.0,4215.450544926088
2025-10-02,0.0,0.0,0.0,0.0
2025-10-03,2921.8,0.0,0.0,4849.728505795612
2025-10-04,0.0,2717.5,3190.8999999999996,9805.340463519296
2025-10-05,0.0,0.0,0.0,0.0
2025-10-06,4272.5,0.0,0.0,6776.02538570871
2025-10-07,0.0,2778.0,5203.2,13158.774205711863
2025-10-08,3306.0,0.0,0.0,5450.672520934624
2025-10-09,0.0,0.0,0.0,0.0
2025-10-10,3720.9,0.0,0.0,6205.141540301107
2025-10-11,0.0,3599.3,3241.2,10734.964674923685
2025-10-12,0.0,0.0,0.0,0.0
2025-10-13,5127.0,0.0,0.0,8452.99395487956
2025-10-14,0.0,2844.0,5203.2,13267.589809578072
2025-10-15,3306.0,0.0,0.0,5565.322967565904
2025-10-16,0.0,0.0,0.0,0.0
2025-10-17,4200.2,0.0,0.0,9090.759094870975
2025-10-18,0.0,4167.0,3671.0,13616.544874556632
2025-10-19,0.0,0.0,0.0,0.0
2025-10-20,3418.0,0.0,0.0,5635.329303253038
2025-10-21,0.0,1422.0,2877.2999999999997,6413.801922569113
2025-10-22,1917.6000000000001,0.0,0.0,2860.7230401969
2025-10-23,0.0,0.0,0.0,0.0
2025-10-24,1874.0,0.0,0.0,4292.317552436167
2025-10-25,0.0,2866.0,2998.4,14012.596601322844
2025-10-26,0.0,0.0,0.0,0.0
2025-10-27,2822.4,0.0,0.0,4653.350914424042
2025-10-28,0.0,970.0,959.0999999999999,3028.358527440525
2025-10-29,3196.0,0.0,0.0,5269.3131811576095
2025-10-30,0.0,0.0,0.0,0.0
2025-10-31,2837.7000000000003,0.0,0.0,4712.024733343029
2025-11-01,0.0,3400.1,3356.5999999999995,11256.507508703367
2025-11-02,0.0,0.0,0.0,0.0
2025-11-03,0.0,0.0,0.0,0.0
2025-11-04,0.0,2133.0,3836.3999999999996,9841.876753317345
2025-11-05,3196.0,0.0,0.0,5269.3131811576095
2025-11-06,0.0,0.0,0.0,0.0
2025-11-07,2927.3,0.0,0.0,5390.7709509923925
2025-11-08,0.0,3533.3,3455.5999999999995,11547.439812143686
2025-11-09,0.0,0.0,0.0,0.0
2025-11-10,4410.0,0.0,0.0,7270.860803787565
2025-11-11,0.0,2182.5,3902.3999999999996,10032.30406008321
2025-11-12,3306.0,0.0,0.0,5450.672520934624
2025-11-13,0.0,0.0,0.0,0.0
2025-11-14,3020.8,0.0,0.0,5947.927293891191
2025-11-15,0.0,3610.3,3565.5999999999995,12901.913421479634
2025-11-16,0.0,0.0,0.0,0.0
2025-11-17,2822.4,0.0,0.0,4653.350914424042
2025-11-18,0.0,970.0,1918.1999999999998,3898.6622080410125
2025-11-19,1438.2,0.0,0.0,2145.5422801476752
2025-11-20,0.0,0.0,0.0,0.0
2025-11-21,1791.5,0.0,0.0,3094.5638824712332
2025-11-22,0.0,1962.2000000000003,1813.1,6185.474255584528
2025-11-23,0.0,0.0,0.0,0.0
2025-11-24,3528.0,0.0,0.0,6675.629815515198
2025-11-25,0.0,2182.5,3836.3999999999996,9923.488456217001
2025-11-26,1917.6000000000001,0.0,0.0,3494.09501162884
2025-11-27,0.0,0.0,0.0,0.0
2025-11-28,3020.8,0.0,0.0,5542.276639384316
2025-11-29,0.0,2783.5,2541.1,9329.283755230925
2025-11-30,0.0,0.0,0.0,0.0
2025-12-01,3528.0,0.0,0.0,5816.688643030052
2025-12-02,0.0,2910.0,3968.3999999999996,10489.651514056352
2025-12-03,2556.8,0.0,0.0,4215.450544926088
2025-12-04,0.0,0.0,0.0,0.0
2025-12-05,2932.4,0.0,0.0,5948.31205765281
2025-12-06,0.0,2601.4,2552.1,9646.749176033827
2025-12-07,0.0,0.0,0.0,0.0
2025-12-08,4410.0,0.0,0.0,7270.860803787565
2025-12-09,0.0,2910.0,3968.3999999999996,11029.250208120375
2025-12-10,2556.8,0.0,0.0,4215.450544926088
2025-12-11,0.0,0.0,0.0,0.0
2025-12-12,2458.2,0.0,0.0,4587.502809111479
2025-12-13,0.0,2656.5,2618.1,9588.998316195804
2025-12-14,0.0,0.0,0.0,0.0
2025-12-15,2822.4,0.0,0.0,4210.5260266227215
2025-12-16,0.0,1455.0,1984.1999999999998,5130.683500127857
2025-12-17,958.8000000000001,0.0,0.0,1430.3615200984502
2025-12-18,0.0,0.0,0.0,0.0
2025-12-19,0.0,0.0,0.0,0.0
2025-12-20,215.0,325.2,424.4,2237.322106112739
2025-12-21,0.0,0.0,0.0,0.0
2025-12-22,0.0,0.0,0.0,0.0
2025-12-23,0.0,0.0,0.0,0.0
2025-12-24,2116.8,0.0,0.0,0.0
2025-12-25,0.0,0.0,0.0,0.0
2025-12-26,2866.0,0.0,0.0,4275.569583439881
2025-12-27,0.0,3307.5,3439.2000000000003,10583.829102968532
2025-12-28,0.0,0.0,0.0,0.0
2025-12-29,0.0,0.0,0.0,0.0
2025-12-30,0.0,0.0,0.0,0.0
2025-12-31,0.0,0.0,0.0,0.0
2026-01-01,0.0,0.0,0.0,0.0
2026-01-02,0.0,0.0,0.0,0.0
2026-01-03,0.0,0.0,0.0,0.0
2026-01-04,0.0,0.0,0.0,0.0
2026-01-05,0.0,0.0,0.0,0.0
2026-01-06,0.0,0.0,0.0,0.0
2026-01-07,0.0,0.0,0.0,0.0
2026-01-08,0.0,0.0,0.0,0.0
2026-01-09,0.0,0.0,0.0,0.0
2026-01-10,0.0,0.0,0.0,0.0
2026-01-11,0.0,0.0,0.0,0.0
2026-01-12,0.0,0.0,0.0,0.0
2026-01-13,0.0,0.0,0.0,0.0
2026-01-14,0.0,0.0,0.0,0.0
2026-01-15,0.0,0.0,0.0,0.0
2026-01-16,0.0,0.0,0.0,0.0
2026-01-17,0.0,0.0,0.0,0.0
2026-01-18,0.0,0.0,0.0,0.0
2026-01-19,0.0,0.0,0.0,0.0
2026-01-20,0.0,0.0,0.0,0.0
2026-01-21,0.0,0.0,0.0,0.0
2026-01-22,0.0,0.0,0.0,0.0
2026-01-23,0.0,3238.2000000000003,0.0,6520.934017330898
2026-01-24,0.0,0.0,0.0,0.0
2026-01-25,0.0,0.0,0.0,0.0
2026-01-26,0.0,0.0,0.0,0.0
2026-01-27,3772.6,3610.0,5457.9,23826.587142609507
2026-01-28,0.0,0.0,0.0,0.0
2026-01-29,3303.2999999999997,3337.8999999999996,0.0,11731.91628525024
2026-01-30,3107.7,0.0,4400.0,14523.110508843682
2026-01-31,0.0,0.0,0.0,0.0
2026-02-01,0.0,5250.0,0.0,9099.578343803825
2026-02-02,0.0,0.0,0.0,0.0
2026-02-03,3630.0,4353.0,5535.0,22287.414137324333
2026-02-04,0.0,0.0,0.0,0.0
2026-02-05,0.0,0.0,0.0,0.0
2026-02-06,3512.7,5402.4,0.0,14698.515000418713
2026-02-07,6840.0,0.0,4725.0,19886.76482343403
2026-02-08,0.0,5640.0,0.0,9298.787966748723
2026-02-09,0.0,0.0,0.0,0.0
2026-02-10,3255.0,3870.0,4256.1,20831.313581771272
2026-02-11,0.0,0.0,0.0,0.0
2026-02-12,3197.2999999999997,4682.4,0.0,12991.4289967358
2026-02-13,0.0,0.0,0.0,0.0
2026-02-14,0.0,0.0,0.0,0.0
2026-02-15,2625.0,0.0,3673.5,11243.342585136446
2026-02-16,3375.0,4229.4,4935.0,22006.535517487762
2026-02-17,3047.1,4408.200000000001,0.0,13584.44229255136
2026-02-18,0.0,0.0,0.0,0.0
2026-02-19,3705.0,0.0,3885.0,13187.443847461102
2026-02-20,0.0,0.0,0.0,0.0
2026-02-21,0.0,0.0,0.0,0.0
2026-02-22,0.0,4438.8,0.0,7693.5634957097955
2026-02-23,0.0,0.0,0.0,0.0
2026-02-24,0.0,0.0,0.0,0.0
2026-02-25,0.0,0.0,0.0,0.0
2026-02-26,2475.0,2820.0,3354.7,16410.708321572674
2026-02-27,0.0,0.0,0.0,0.0
2026-02-28,0.0,0.0,0.0,0.0
2026-03-01,0.0,3870.0,0.0,6380.5513176094955
2026-03-02,0.0,0.0,0.0,0.0
2026-03-03,0.0,0.0,0.0,0.0
2026-03-04,2855.0,3706.9,3826.5,17127.576048541214
2026-03-05,2325.0,3241.2000000000003,0.0,10041.927889377639
2026-03-06,2205.0,0.0,3075.0,9238.445713094598
2026-03-07,0.0,0.0,0.0,0.0
2026-03-08,0.0,0.0,0.0,0.0
2026-03-09,0.0,0.0,0.0,0.0
2026-03-10,4480.8,0.0,0.0,8272.99421161582
2026-03-11,0.0,6802.4,3600.0,19147.912121543086
2026-03-12,0.0,0.0,0.0,0.0
2026-03-13,2240.8,0.0,0.0,3895.734475849441
2026-03-14,0.0,0.0,0.0,0.0
2026-03-15,0.0,3520.8,3900.6000000000004,13252.776102931028
2026-03-16,0.0,0.0,0.0,0.0
2026-03-17,0.0,0.0,0.0,0.0
2026-03-18,4725.0,0.0,0.0,9439.920277798548
2026-03-19,0.0,0.0,0.0,0.0
2026-03-20,0.0,7040.0,3840.0,19843.67968867032
2026-03-21,0.0,0.0,0.0,0.0
2026-03-22,3640.8,5402.4,3900.6000000000004,24881.71268804839
2026-03-23,0.0,0.0,0.0,0.0
2026-03-24,0.0,0.0,0.0,0.0
2026-03-25,8564.2,0.0,0.0,18356.96423134327
2026-03-26,0.0,0.0,0.0,0.0
2026-03-27,0.0,10930.0,3900.0,31612.85142100645
2026-03-28,0.0,0.0,0.0,0.0
2026-03-29,4960.0,7240.0,8190.6,40336.697437835486
2026-03-30,0.0,0.0,0.0,0.0
2026-03-31,0.0,0.0,0.0,0.0
2026-04-01,2881.7999999999997,0.0,0.0,6534.139580445366
2026-04-02,0.0,0.0,0.0,0.0
2026-04-03,0.0,0.0,0.0,0.0
2026-04-04,1520.0,3521.6,2940.0,14235.504625704554
2026-04-05,0.0,3121.6,2701.2,9600.174215032706
2026-04-06,0.0,0.0,0.0,0.0
2026-04-07,3601.7999999999997,0.0,0.0,7647.187665800679
2026-04-08,0.0,0.0,0.0,0.0
2026-04-09,0.0,8407.9,3480.6000000000004,23595.53147760313
2026-04-10,0.0,0.0,0.0,0.0
2026-04-11,3441.6,0.0,0.0,6521.696108847602
2026-04-12,0.0,5361.6,5820.0,21463.456380423184
2026-04-13,0.0,0.0,0.0,0.0
2026-04-14,3267.2,0.0,0.0,6661.982316815871
2026-04-15,0.0,11964.8,3660.0,32448.387302212926
2026-04-16,0.0,0.0,0.0,0.0
2026-04-17,4720.8,0.0,0.0,9198.133744980674
2026-04-18,0.0,0.0,0.0,0.0
2026-04-19,0.0,9200.0,7740.0,32629.724423750926
2026-04-20,0.0,0.0,0.0,0.0
2026-04-21,4560.6,0.0,0.0,10879.916612662824
2026-04-22,0.0,11480.0,0.0,23534.01176245729
2026-04-23,0.0,0.0,0.0,0.0
2026-04-24,0.0,0.0,0.0,0.0
2026-04-25,0.0,0.0,0.0,0.0
2026-04-26,4643.2,0.0,0.0,9350.256571326916
2026-04-27,0.0,0.0,0.0,0.0
2026-04-28,0.0,0.0,0.0,0.0
2026-04-29,1890.0,0.0,0.0,3116.0832016232425
2026-04-30,0.0,0.0,0.0,0.0
2026-05-01,0.0,4480.0,3960.0,14601.86174228299
2026-05-02,0.0,0.0,0.0,0.0
2026-05-03,0.0,0.0,0.0,0.0
2026-05-04,2760.6,8881.2,0.0,22594.167919842388
2026-05-05,5068.8,0.0,0.0,8653.340075659733
2026-05-06,0.0,0.0,9951.0,19073.21492896909
2026-05-07,0.0,0.0,0.0,0.0
2026-05-08,0.0,6360.6,4240.0,21693.358096730968
2026-05-09,0.0,0.0,0.0,0.0
2026-05-10,6629.4,0.0,1350.6,14306.317323516434
2026-05-11,0.0,7408.200000000001,0.0,15111.353206515738
2026-05-12,4318.8,0.0,0.0,7583.364789655217
2026-05-13,0.0,0.0,0.0,0.0
2026-05-14,0.0,0.0,0.0,0.0
2026-05-15,0.0,0.0,6900.0,12943.229141124168
2026-05-16,0.0,0.0,0.0,0.0
2026-05-17,6987.0,4051.7999999999997,0.0,22291.217620958407
2026-05-18,0.0,3208.8,0.0,5754.522753153539
2026-05-19,2520.0,0.0,0.0,4154.777602164323
2026-05-20,0.0,0.0,3424.5,6099.882224463394
2026-05-21,0.0,0.0,0.0,0.0
2026-05-22,0.0,0.0,0.0,0.0
2026-05-23,0.0,0.0,0.0,0.0
2026-05-24,8068.200000000001,2820.0,2280.8,25202.483820036556
2026-05-25,0.0,2100.0,0.0,3462.314668470269
2026-05-26,0.0,0.0,0.0,0.0
2026-05-27,0.0,0.0,0.0,0.0
2026-05-28,1320.0,0.0,2225.5,6231.437467593247
2026-05-29,0.0,2100.0,1800.8,7107.721016563297
2026-05-30,2071.7999999999997,0.0,1800.0,6383.519015896756
2026-05-31,0.0,0.0,0.0,0.0
2026-06-01,2000.0,10462.0,0.0,26910.782596698875
2026-06-02,4160.4,0.0,0.0,6859.339974620813
2026-06-03,0.0,0.0,5775.3,12809.14517628856
2026-06-04,0.0,0.0,0.0,0.0
2026-06-05,0.0,0.0,0.0,0.0
2026-06-06,0.0,0.0,0.0,0.0
2026-06-07,6180.0,4502.0,2360.0,26563.9197067305
2026-06-08,1561.1999999999998,7398.4,0.0,18889.983305941838
2026-06-09,3080.0,0.0,0.0,5078.061513756395
2026-06-10,0.0,0.0,4739.4,10894.529337177093
2026-06-11,0.0,0.0,0.0,0.0
2026-06-12,0.0,0.0,0.0,0.0
2026-06-13,0.0,0.0,0.0,0.0
2026-06-14,4280.4,2820.0,2400.0,19707.5237782083
2026-06-15,1099.6,3699.6,0.0,9558.788690697982
2026-06-16,1530.0,0.0,0.0,3081.041642429829
2026-06-17,0.0,0.0,1930.3000000000002,4507.132477700201
2026-06-18,0.0,0.0,0.0,0.0
2026-06-19,0.0,0.0,0.0,0.0
2026-06-20,0.0,2000.0,1260.0,6564.8338263537535
2026-06-21,3698.4,0.0,2280.4,12649.56345763033
2026-06-22,839.2,3604.6,0.0,4663.166433959391
2026-06-23,809.4000000000001,0.0,0.0,1550.4387470038478
2026-06-24,0.0,0.0,3177.6000000000004,2897.168892620909
2026-06-25,0.0,0.0,0.0,0.0
2026-06-26,0.0,0.0,0.0,0.0
2026-06-27,0.0,0.0,0.0,0.0
2026-06-28,1560.0,1520.0,2161.9,7434.244705593276
2026-06-29,2898.0,9040.0,0.0,20779.48190631083
2026-06-30,5176.5,0.0,0.0,8094.164286472148
2026-07-01,0.0,0.0,7200.0,14503.498929088928
2026-07-02,0.0,0.0,0.0,0.0
2026-07-03,0.0,0.0,0.0,0.0
2026-07-04,0.0,0.0,0.0,0.0
2026-07-05,4875.0,5375.0,4156.8,28222.961696708033
2026-07-06,3040.0,7400.0,0.0,20160.139773002793
2026-07-07,4345.5,0.0,0.0,6194.789605125949
2026-07-08,0.0,0.0,0.0,0.0
2026-07-09,0.0,0.0,0.0,0.0
2026-07-10,0.0,0.0,6000.0,13582.081492395217
2026-07-11,0.0,0.0,0.0,0.0
2026-07-12,0.0,0.0,0.0,0.0
2026-07-13,0.0,3375.0,2610.0,12052.309954210803
2026-07-14,5654.5,0.0,2430.0,15448.848445334294
2026-07-15,625.0,3000.0,0.0,7380.512801506257
2026-07-16,4693.0,0.0,0.0,6037.665745014498
2026-07-17,0.0,1175.0,1770.0,5930.501723500554
2026-07-18,0.0,0.0,0.0,0.0
2026-07-19,0.0,0.0,2670.0,6021.107503251071
2026-07-20,4325.0,0.0,1080.0,11617.123163818927
